"id";"messier";"name";"type";"ar";"dec";"dist";"description";"created_date";"image"
1;1;"Nebulosa del Cangrejo";"Resto de supernova";"05h 34m 31.97s";"+22d 00m 52.1s";"6300";"La nebulosa del Cangrejo (también llamada M1, NGC 1952, Taurus A y Taurus X-1) es un resto de supernova de tipo plerión. Es el resto de la supernova SN 1054, observada y documentada como una estrella visible a la luz del día por astrónomos chinos y árabes el 5 de julio de 1054, permaneciendo visible durante 22 meses.

La nebulosa fue descubierta en 1731 por John Bevis. Con este objeto, Charles Messier comenzó su catálogo de objetos no cometarios. Situada a una distancia de aproximadamente 6300 años luz (1930 pc​) de la Tierra en la constelación de Tauro, la nebulosa tiene un diámetro de seis años luz (1,84 pc) y su velocidad de expansión es de 1500 km/s.

El centro de la nebulosa contiene un púlsar o estrella de neutrones, llamado púlsar del Cangrejo, que gira sobre sí mismo a 30 revoluciones por segundo, emitiendo también pulsos de radiación que van desde los rayos gamma a las ondas de radio. El descubrimiento de esta nebulosa produjo la primera evidencia de que las explosiones de supernova producen púlsares.

La nebulosa sirve como una fuente de radiación útil para estudiar cuerpos celestes que la ocultan. En las décadas de 1950 y 1960, la corona solar fue cartografiada gracias a la observación de las ondas de radio producidas por la nebulosa del Cangrejo que pasaban a través del Sol. Más recientemente, el espesor de la atmósfera de Titán, satélite de Saturno, fue medido conforme bloqueaba los rayos X producidos por la nebulosa.";"2023-02-23 03:35:18.000000";"album/images/m1.jpg"
2;2;"Cúmulo globular M2";"Cúmulo globular";"21h 33.5m";"-00d 49m";"37,500";"El cúmulo globular M2 (también conocido como objeto Messier 2, Messier 2, M2 o NGC 7089), se encuentra en la constelación de Acuario. Fue descubierto por Jean-Dominique Maraldi en 1746. Tiene un diámetro de aproximadamente 175 años luz, y contiene unas 150 000 estrellas, además de ser uno de los cúmulos más compactos y ricos conocidos.";"2023-02-23 03:40:08.000000";"album/images/m2.jpg"
3;3;"Cúmulo globular M3";"Cúmulo globular";"13h 42m 10s";"+28d 23m";"33,900";"El Cúmulo globular M3 (también conocido como Objeto Messier 3, Messier 3, M3 o NGC 5272), se encuentra en la constelación de Canes Venatici.

Fue descubierto por el astrónomo francés Charles Messier en 1764.

Durante el siglo XVIII William Herschel estudió el cúmulo con su gran reflector encontrándolo formado por miles de estrellas, entre la magnitud 13 y la 16, que se apiñaban en su centro. Lord Rosse, con su gran telescopio reflector, pudo notar las alineaciones de estrellas más externas (las famosas patas de araña formadas por alineaciones estelares, también muy notorias en M13) así como localizar algunos pequeños manchones o parches oscuros, aglomeraciones de polvo situados delante del cúmulo (más próximos a la Tierra), proyectados sobre el cuerpo de estrellas.

Este cúmulo es uno de los más grandes y brillantes: según cálculos recientes se compone de alrededor de 500.000 estrellas, aunque su masa es próxima a las 800.000 masas solares (ello se debe a que una parte de sus estrellas no son visibles ni con grandes telescopios, por haberse transformado en estrellas del tipo enana blanca y estrellas de neutrones).

Su velocidad radial es igual a -147.1 km/s: se aproxima a la Tierra a más de 529.500 km/h, combinación de su movimiento orbital alrededor del núcleo de la Vía Láctea y el del propio Sol. Situado a la distancia del cúmulo nuestra estrella diurna luciría con magnitud 22.5ª aproximadamente, siendo invisible salvo para telescopios profesionales.

Se encuentra a unos 33.900 años luz de la Tierra. M3 tiene una magnitud aparente de 6,2, siendo visible a ojo desnudo con buenas condiciones meteorológicas en noches de Luna nueva

Visto con un telescopio modesto, el cúmulo se observa con gran detalle como una ""bola de nieve"", en donde cada gránulo es una de sus débiles componentes (del tipo gigante roja); a partir de los 150-200 mm de abertura es factible resolver sus componentes más externas.

Contiene 274 estrellas variables del tipo RR Lyrae y Cefeida, además de algunas gigantes rojas de largo período; las primeras fueron descubiertas fotográficamente en 1895 por Pickering y Bailey, desde Estados Unidos. Entre sus astros más brillantes está V154, una estrella variable Cefeida, subtipo W Virginis, que oscila entre las magnitudes 12.1 y 13.7 (en banda V) con un período de 15.2842 días: es asequible a equipos de aficionados dotados de cámara CCD. Las estrellas RR Lyrae presentan brillos que están situados próximos a la 15.5 magnitud.

Entre sus variables más brillante, del tipo gigante roja, el aficionado puede observar a V95 (magnitud 12.36), que pulsa con un período de 102 días o V225 (magnitud 12.73) que varía en 73 días.";"2023-02-23 03:41:42.000000";"album/images/m3.jpg"
4;4;"Cúmulo globular M4";"Cúmulo globular";"16h 23.6m";"-26d 32m";"7,200";"El cúmulo globular M4 (también conocido como Objeto Messier 4, Messier 4, M4 o NGC 6121), es un cúmulo globular que se encuentra en la constelación de Scorpius. Fue descubierto por Philippe Loys de Chéseaux en el año 1746 y más tarde catalogado por Charles Messier en 1764. Este fue el primer cúmulo globular donde se distinguieron estrellas individuales. En la frontera de visión a ojo desnudo, M4 se observa en los telescopios más pequeños como una borrosa bola de luz. En telescopios de mediano tamaño es posible distinguir estrellas individuales, las cuales poseen una magnitud aparente de 10,8.

A una distancia de 7200 años luz, debe ser el cúmulo globular más cercano a nuestro Sistema Solar. Al menos 43 estrellas variables se han observado en este cúmulo: todas ellas son asequibles para el aficionado, siempre que se utilice una cámara CCD para estudiarlas (aparecen con magnitudes a partir de la 10.ª).

De su velocidad radial, 70,4 km/s, se deduce que se aleja de la Tierra a más de 253.400 km/h: esta velocidad se debe tanto a su movimiento propio alrededor del núcleo de la Vía Láctea como al movimiento orbital del Sol y la Tierra. Su magnitud conjunta en banda B (luz azul) es igual a la 8,13, su magnitud conjunta en banda V (luz verde) es igual a la 7,12; su tipo espectral es F8 (fotográficamente aparece amarillento, debido a la gran cantidad de estrellas gigantes rojas que posee).

En 1987 se descubrió un púlsar en M4 con un período de 3,0 milisegundos. Fotografías tomadas por el Telescopio Espacial Hubble en 1995 han revelado estrellas enanas blancas que están entre las más viejas de la Vía Láctea (su edad se estima en unos 13 000 millones de años). Una de ellas es una estrella binaria con un púlsar como compañero, PSR B1620-26 y un planeta orbitándola con una masa 2,5 veces superior a Júpiter.

En la actualidad (2006) se han catalogado hasta 74 estrellas variables, la mayoría de ellas de tipo RR Lyrae";"2023-02-23 03:43:17.000000";"album/images/m4.jpg"
5;5;"Cúmulo globular M5";"Cúmulo globular";"15h 18.6m";"+02d 05m";"24,500";"El cúmulo globular M5 (también conocido como Objeto Messier 5, Messier 5, M5 o NGC 5904) es un cúmulo globular que se encuentra en la constelación de Serpens.

M5 fue descubierto por el astrónomo alemán Gottfried Kirch en 1702 cuando observaba un cometa . Charles Messier lo notó en 1764 y, un estudioso de cometas, lo calificó como una de sus nebulosas. William Herschel fue el primero en resolver estrellas individuales en el cúmulo en 1791, contando aproximadamente 200.

Su magnitud conjunta en banda B (filtro azul) es igual a la 7.34​ mientras que su magnitud en banda V (filtro verde) es 6.65.​ Presenta un tipo espectral F7​ y fotográficamente se aprecia de color amarillento debido a la gran cantidad de estrellas gigantes rojas que contiene.

Presenta una velocidad radial (respecto al Sol) de 51.8 km/s​ o 186 480 km/h.

Para el aficionado dotado de un telescopio mediano (150-200 mm de diámetro) equipado con cámara CCD, la variable más brillante es V42: se trata de un astro de magnitud 11.22 (en banda V) que pulsa con un período de 12.75 días y pertenece al tipo RV Tauri.";"2023-02-23 03:45:44.000000";"album/images/m5.jpg"
6;6;"Cúmulo de la Mariposa";"Cúmulo abierto";"17h 40.1m";"-32d 13m";"1600";"El Cúmulo de la Mariposa (también conocido como Cúmulo Abierto M6, Messier 6, M6 o NGC 6405), es un cúmulo abierto que se encuentra en la constelación de Scorpius.

Su magnitud conjunta en banda B (filtro azul) es igual a 4.48,​ la medida en banda V (filtro verde) es igual a la 4.20;​ se encuentra formado por estrellas calientes y jóvenes de tipos espectrales O y B, aunque no falta una vieja (del tipo gigante roja) de tipo espectral K, la más brillante del conjunto.

De su velocidad radial, -11.50 km/s,​ puede calcularse que se aproxima a la Tierra a unos 41 400 km/h: esta velocidad es la combinación del movimiento orbital del conjunto alrededor del núcleo de la Vía Láctea y del movimiento del Sol.

Entre sus brillantes estrellas hay algunas variables, fácilmente visibles para el aficionado dotado de un telescopio mediano (150-200 mm de abertura) equipado con cámara CCD: V976 Scorpii, de magnitud 11.51, de tipo Delta Scuti; V971 Scorpii, de magnitud 9.81, del tipo Alfa2 CnV o la brillante V862 Scorpii (magnitud 6.75). Para los más pacientes es factible seguir los cambios de brillo de BM Scorpii, una brillante estrella supergigante amarillenta (magnitud 6.03) del tipo espectral K2Ib, que por su color destaca del resto de las componentes: es un astro pulsante del tipo semirregular.";"2023-02-23 03:54:44.000000";"album/images/m6.jpg"
7;7;"Cúmulo de Ptolomeo";"Cúmulo abierto";"17h 53.9m";"-34d 49m";"800";"El cúmulo de Ptolomeo (también conocido como cúmulo abierto M7, Messier 7, M7 o NGC 6475) es un cúmulo abierto de la constelación de Scorpius.

Era conocido por Ptolomeo, quien lo describió como una nebulosa en el año 130. Giovanni Batista Hodierna lo observó alrededor de 1654 y contó 30 estrellas en él, más tarde, en 1764, Charles Messier lo añadiría a su catálogo. El cúmulo es fácilmente detectable a ojo desnudo cerca del aguijón del Escorpión.

Observaciones al telescopio revelan unas 80 estrellas en un campo de 1,3º. La distancia a este cúmulo es de 800 a 1000 años luz. La edad del cúmulo se estima en unos 220 millones de años mientras que la estrella más brillante tiene una magnitud de 5,6.";"2023-02-23 03:56:00.000000";"album/images/m7.jpg"
8;8;"Nebulosa Laguna";"Nebulosa de emisión";"18h 03m 37s";"-24d 23m 12s";"5,000";"La nebulosa Laguna (también conocida como objeto Messier 8, Messier 8, M8 o NGC 6523), es una nebulosa de emisión (concretamente se trata de una Región H II) situada en la constelación de Sagitario. Está, aproximadamente, a una distancia de 5000 años luz.​ Fue descubierta por Guillaume Le Gentil en 1747.

La nebulosa —asociada a una nube molecular y que forma parte de la asociación estelar Sagittarius OB1— parece tener una profundidad comparable a la de su anchura e incluye cierto número de glóbulos de Bok —nubes de gas y polvo en proceso de colapso para formar estrellas—, algunos de los cuales han sido catalogados por Edward Emerson Barnard cómo B88, B89, y B296. El descubrimiento de cinco objetos Herbig-Haro en el borde sur de la nebulosa (HH893, HH894, HH895, HH896, y HH897) aporta más evidencia a la formación estelar en curso.2

En la porción más brillante de la nebulosa se halla una estructura conocida cómo El reloj de arena, en la que se produce una intensa actividad de formación de estrellas; allí, en el año 2006, identificaron cuatro objetos Herbig-Haro: HH867, HH868, HH869 y HH870.1 También incluye una estructura de polvo con forma de tornado provocada por la acción de la radiación ionizante de la estrella múltiple de tipo espectral O Herschel 36.";"2023-02-23 23:26:36.000000";"album/images/m8.jpg"
9;9;"Cúmulo globular M9";"Cúmulo globular";"17h 19.2m";"-18d 31m";"25,800";"El cúmulo globular M9 (también conocido como Objeto Messier 9, Messier 9, M9 o NGC 6333) es un cúmulo globular de la constelación de Ofiuco. Fue descubierto por Charles Messier en 1764.

Su magnitud conjunta en banda B (filtro azul) es igual a la 9.36,2​ su magnitud en banda V (filtro verde) es igual a la 8.42;​ su tipo espectral es Ne.​ Fotográficamente se aprecia de color amarillento debido a la gran cantidad de estrellas gigantes rojas (de color amarillento o dorado) que contiene.

De su velocidad radial (respecto al Sol), 229,1 km/s,​ se deduce que se aleja del Sistema Solar a más de 824.460 km/h.";"2023-02-23 23:29:21.000000";"album/images/m9.jpg"
10;10;"Cúmulo globular M10";"Cúmulo globular, clase VII";"16h 57.1m";"-04d 05m 58.07s";"14,300";"El Cúmulo globular M10 (también conocido como Objeto Messier 10, Messier 10, M10 o NGC 6254) es un cúmulo globular de la constelación de Ofiuco. Fue descubierto por Charles Messier el 29 de mayo de 1764 y lo definió como una ""nebulosa sin estrellas"". Haciendo uso de instrumentación más grande y precisa, el astrónomo alemán William Herschel pudo resolver esta agrupación estelar y descubrir que era un cúmulo de estrellas individuales, el cual describió como ""un hermoso conjunto de estrellas comprimidas entre sí"". Harlow Shapley fue el primero que estableció los primeros cálculos aproximados de distancia de M10 estimándolo a unos 33 000 años luz; una distancia mucho mayor que la calculada actualmente, unos 14300 años luz.

M10 pertenece a la clase VII en la clasificación de concentración de Shapley-Sawyer .

Debido a que las estrellas binarias son más masivas que las estrellas individuales, tienden a situarse al interior del cúmulo. En consecuencia, la región central contiene una concentración de estrellas rezagadas azules, la mayoría formadas hace entre 2 y 5 mil millones de años. Esta región central posee una densidad de 3,8 masas solares por parsec cúbico.

Su magnitud conjunta en banda V (filtro verde) es igual a la 6.4; su tipo espectral es F3: fotográficamente se aprecia de color dorado debido a la gran cantidad de estrellas gigantes rojas (de color amarillento o anaranjado) que contiene.

De su velocidad radial, 75.4 km/s, se deduce que se aleja de la Tierra a más 271440 km/h: esta velocidad está originada por la combinación de su velocidad orbital alrededor del núcleo de la Vía Láctea, además de la velocidad propia del Sol y de la Tierra.

Es un cúmulo globular muy pobre en variables: desde el año 2006, sólo se han catalogado 4 estrellas variables en su núcleo";"2023-02-23 23:31:12.000000";"album/images/m10.jpg"
11;11;"Cúmulo del Pato Salvaje";"Cúmulo abierto";"18h 51.1m";"-06d 16m";"6,000";"El Cúmulo del Pato Salvaje (también conocido como Objeto Messier 11, Messier 11, M11 o NGC 6705), es un cúmulo abierto que se encuentra en la constelación de Scutum. Fue descubierto por Gottfried Kirch en 1681. En 1764 Charles Messier lo incluyó en su catálogo de objetos astronómicos. Situado sobre la Vía Láctea, es uno de los cúmulos abiertos más ricos hasta ahora conocidos, en el cual se han podido datar alrededor de 2900 estrellas, principalmente estrellas calientes azules y blancas, aunque no faltan algunas componentes amarillas y anaranjadas. Su edad se ha estimado en aproximadamente 220 millones de años.

El Cúmulo del Pato Salvaje es conocido por este nombre tan peculiar debido a que las estrellas más brillantes que lo componen forman un triángulo que da la sensación de representar a una bandada de patos volando.

Su magnitud conjunta en banda B (filtro azul) es igual a la 6.32, su magnitud en banda V (filtro verde) es igual a la 5.80. De su velocidad radial, 29.49 km/s, se deduce que se aleja a la Tierra a más 106 160 km/h: esta velocidad está originada por la combinación de su movimiento orbital alrededor del núcleo de la Vía Láctea, además de la velocidad propia del Sol y de la Tierra.

Resoluble con un pequeño telescopio con 40-50 aumentos, entre sus componentes se encuentran algunas estrellas variables:

Kustner 263: astro anaranjado perteneciente al tipo ""binaria espectroscópica""; magnitud en banda B igual a la 12.64, magnitud en banda V igual a la 11.39, tipo espectral G8II-III.
Kustner 488: astro amarillento perteneciente al tipo ""binaria espectroscópica""; magnitud en banda B igual a la 12.30, magnitud en banda V igual a la 11.36.
Kustner 545: astro azulado, magnitud en banda B igual a la 11.95, magnitud en banda V igual a la 12.66.
Todas ellas pueden ser capturadas por aficionados dotados con telescopios medianos (150-200 mm de abertura) equipado con una cámara CCD.";"2023-02-23 23:33:33.000000";"album/images/m11.jpg"
12;12;"Cúmulo globular M12";"Cúmulo globular, clase IX";"16h 47m 14.18s";"-01d 56m 54.7s";"16,000";"El Cúmulo globular M12 (también conocido como Objeto Messier 12, Messier 12, M12 o NGC 6218) es un cúmulo globular de la constelación de Ofiuco. Fue descubierto por Charles Messier el 30 de mayo de 1764, quien lo describió como una “nebulosa sin estrellas”. Es casi un gemelo de su vecino M10 aunque ligeramente de mayores dimensiones y más débil en cuanto luminosidad. Se creyó que era un tipo intermedio entre los cúmulos abiertos globulares y los densos (como ocurre con M11), al no estar muy concentrado. Finalmente, Harlow Shapley incluyó M12 en su clasificación de concentración, perteneciendo este cúmulo a la clase IX.

Es un cúmulo globular muy pobre en estrellas variables en donde sólo se han registrado hasta ahora trece estrellas de este tipo. Las estrellas más brillantes son de magnitud 12.

En noches oscuras se puede ver vagamente este cúmulo haciendo uso de unos prismáticos. Para identificar individualmente sus componentes estelares se requiere de un telescopio con una apertura de 8 pulgadas (20 cm.) o más. Su magnitud conjunta en banda B (filtro azul) es igual a la 8.52, su magnitud en banda V (filtro verde) es igual a la 7.68; su tipo espectral es F8: fotográficamente se aprecia de color amarillento debido a la gran cantidad de estrellas gigantes rojas (de color amarillento o dorado) que contiene. De su velocidad radial, -43.5 km/s, se deduce que se aproxima a la Tierra a más 156 600 km/h: esta velocidad está originada por la combinación de su velocidad orbital alrededor del núcleo de la Vía Láctea, además de la velocidad propia del Sol y de la Tierra.

Un estudio realizado en el año 2006 determinó que M12 tiene un número inusualmente bajo de estrellas de baja masa. Los autores suponen que parte de la masa de las mismas fueron despojadas por la influencia gravitacional de la Vía Láctea.";"2023-02-23 23:36:53.000000";"album/images/m12.jpg"
13;13;"Cúmulo de Hércules";"Cúmulo globular, clase V";"16h 41m 41.44s";"+36d 27m 36.9s";"25,100";"El cúmulo de Hércules (también conocido como Gran cúmulo de Hércules, Objeto Messier 13, Messier 13, M13 o NGC 6205 y de manera informal como el Gran Racimo) es un cúmulo globular de la constelación de Hércules. Fue descubierto por el astrónomo inglés Edmond Halley en el año 1714 y añadido posteriormente por Charles Messier en su famoso catálogo de objetos astronómicos. William Herschel, por medio de su gran telescopio reflector, pudo descubrir varias alineaciones de estrellas (conocidas como patas de araña) y comprobó finalmente que estaba ante un cúmulo. Haciendo un primer recuento de sus componentes, dató aproximadamente unas 8500 según sus cómputos. M13 se encuentra aproximadamente a 25 100 años luz (7695 pársec) de la Tierra y pertenece a la clase V en la clasificación de concentración de Shapley-Sawyer.

Su magnitud conjunta en banda V (filtro verde) es igual a la 5.80; su tipo espectral es F6: fotográficamente se aprecia de color amarillento debido a la gran cantidad de estrellas gigantes rojas (de color amarillento o dorado) que contiene; la magnitud absoluta es igual a -8.53 (banda V). El radio de su núcleo es próximo a 45"", el radio de marea es cercano a 27': se calcula que el 90 % de sus miembros brillan dentro de un radio de 6.5' a partir del centro de gravedad.

De su velocidad radial, -246.6 km/s, se deduce que se aproxima a la Tierra a más 887 700 km/h: esta velocidad está originada por la combinación de su movimiento orbital alrededor del núcleo de la Vía Láctea, además de la velocidad propia del Sol y de la Tierra.

Se calcula que su luminosidad es similar a la de 500 000 soles, aunque su masa (determinada por el estudio del dinamismo de sus estrellas) está situada en la banda 600-800 mil veces la solar: evidentemente una buena parte de sus estrellas son astros invisibles (enanas blancas y estrellas de neutrones). En el año 2005 se ha descubierto una estrella de neutrones emisora de rayos X y en órbita cerrada con una compañera. Sus astros más brillantes son estrellas amarillentas del tipo gigante roja que aparecen con magnitud 11.87 (la variable V11), su estrella variable Cefeida más brillante (V2) es de magnitud 12.85 mientras que las estrellas RR Lyrae (utilizadas como patrón de distancias) aparecen con magnitud 14.82. El período de las variables V38 es de 81 días, mientras que la de V43 es de 97 días.

Aunque es muy similar a M3 por su edad (entre 11 y 13 mil millones de años) y composición química, se diferencia de este en su bajo número de estrellas variables conocidas: solo 45 (hasta inicios del año 2006) contra las más de 240 de M3, de las cuales solo 3 (V1, V2 y V6) son cefeidas y 8 del tipo RR Lyrae. Todas estas estrellas variables son asequibles a telescopios de aficionado a partir de los 200 mm de abertura equipados con cámaras CCD y un buen mapa del cúmulo. Sus principales estrellas aparecen listadas en el 'Catálogo de Ludendorff' (1905) y en el menos utilizado Catálogo de Kadla (1966): en este último caso se analizan también los movimientos propios (medidos en mili-segundos de arco por año), lo cual permite conocer cuáles de ellas pertenecen realmente al cúmulo. Un estudio más exhaustivo de los movimientos propios (443 estrellas) fue efectuado en 1979 por los astrónomos norteamericanos Cudworth y Monet, comparando placas fotográficas tomadas con el refractor de 1 metro de Yerkes entre los años 1900 y 1977: el movimiento propio de sus estrellas está en el intervalo 0.001- 0.075"" por siglo.";"2023-02-23 23:38:26.000000";"album/images/m13.jpg"
14;14;"Cúmulo globular M14";"Cúmulo globular clase VIII";"17h 37m 36.15s";"-03d 14.45m 0.3s";"30,300";"El Cúmulo Globular M14 (también conocido como Objeto de Messier n.º 14 o NGC 6402) es un cúmulo globular situado en la constelación de Ofiuco. Fue descubierto por Charles Messier en 1764.
El primero en determinarla como un cúmulo globular fue William Herschel, en 1783, distinguiendo muchas de las estrellas individuales que lo componen.
M14 se encuentra a una distancia aproximada de unos 30 000 años luz. Con una magnitud de 7,6 puede observarse fácilmente con prismáticos a partir de 10x50 si el cielo está en condiciones atmosféricas óptimas. Este cúmulo tiene un aspecto lechoso similar al de una galaxia; de hecho, es necesario un telescopio de 300 mm de apertura para empezar a abordar alguna estrella individual, las más brillantes de 14º de magnitud. Se puede observar desde todas las zonas pobladas de la Tierra, gracias al hecho de que está situado muy cerca del ecuador celeste, siendo un lugar adecuado para su observación. Si bien desde el hemisferio norte es visible en los cielos de verano, en el hemisferio sur es característico en las noches de invierno. El mejor momento para la observación de M14 es entre mayo y septiembre.
M14 dista a unos 30 000 años luz, cuya luminosidad es equivalente a la de 400 000 soles y que se corresponde con una magnitud absoluta de -9, 12. Asimismo, es el más brillante de los cúmulos globulares situados en la constelación de Ofiuco ―M10 y M12―. Su aspecto es alargado, de equivalencia elíptica, y mide unos 100 años luz de un extremo a otro.

Su magnitud conjunta en banda B (filtro azul) es igual a la 9,55; su magnitud en banda V es igual a la 8,32. Su tipo espectral es F4. Fotográficamente, se aprecia de color amarillento/dorado debido a la gran cantidad de estrellas gigantes que contiene. Su velocidad radial -111,1 km/s, se deduce que se aproxima a la Tierra a unos 399.960 km/h. Esta velocidad está originada por la combinación de su velocidad orbital alrededor del núcleo de la Vía Láctea además de la velocidad propia del Sol y de la Tierra.

M14 contiene apenas cientos de miles de estrellas. De ellas se han documentado unas 90 estrellas variables; cuatro de ellas se clasifican como estrellas variables tipo Cefeida (del tipo W Virginis), muy común en los cúmulos globulares. Prácticamente el resto de estrellas variables son del tipo RR Lyrae. Sólo las más brillantes son asequibles para los aficionados a condición de emplear una cámara CCD.

En 1938 apareció una nova en este cúmulo aunque no fue descubierta hasta que se revelaron las primeras placas fotográficas de la época en 1964. Se calcula que la nova alcanzó su brillo máximo de magnitud +9,2, más de 5 veces más brillante que cualquier otra estrella “normal” en el cúmulo.";"2023-02-23 23:41:12.000000";"album/images/m14.jpg"
15;15;"Cümulo globular M15";"Cúmulo globular, clase IV";"21h 29m 58.33s";"+12d 10m 1.2s";"33,600";"Messier 15 (M15), también conocido como NGC 7078, es un cúmulo globular situado en la constelación de Pegaso. Con una edad estimada de 12 000 millones de años, es uno de los cúmulos globulares más antiguos conocidos y una reliquia de los primeros años de la Vía Láctea
El cúmulo M15 fue descubierto por Jean-Dominique Maraldi en el año 1746 mientras estudiaba el cometa De Chéseaux. En el año 1764, Charles Messier la incluyó en su catálogo de objetos astronómicos, en el cual lo describió como una “nebulosa sin estrellas”. No fue hasta 1783 cuando fue concretada como cúmulo globular gracias a las observaciones emprendidas por William Herschel con un gran telescopio reflector, con el que pudo discernir y comprobar que el cúmulo estaba compuesto por miles de estrellas que se apiñaban hacia un núcleo irresoluble. En el año 1928, las imágenes tomadas por el estadounidense Francis Pease en el Observatorio del Monte Wilson demostraron el descubrimiento de una nebulosa planetaria que fue conocida tiempo después por el nombre de Pease  (Kustner 648). El satélite SAS-3 en 1974 fue el primero en identificar una fuente de rayos X dentro de la agrupación.
M15 está a unos 33 600 años luz de la Tierra, y 175 años luz de diámetro. Tiene una magnitud absoluta de -9,2, que se traduce en un total de luminosidad unos 360 000 veces mayor a la del Sol. Las estrellas de M15, como pequeñas abejas, se apelotonan alrededor del núcleo brillante formando un conjunto de más de 100 000 estrellas, por lo que es uno de los cúmulos más densos conocidos: su núcleo ha sido objeto de una contracción en el pasado, un colapso de núcleo, tal vez debido por la posible existencia de un agujero negro. Dicho colapso de núcleo también ha sido observado en otros grupos, tales como el cúmulo M30. Contiene un elevado número de estrellas variables, en torno a unas 158. De esta cifra, 104 son del tipo RR Lyrae aunque no faltan las de tipo Cefeida y otras de largo período. Asimismo, se han datado al menos 9 púlsares, incluyendo posiblemente el único sistema conocido de púlsar binario. Habría que incluir también una estrella doble de neutrones. Más aún, M15 alberga una de las cuatro nebulosas planetarias conocidas en un cúmulo globular, Pease  (o Kustner 648) que por su velocidad radial pertenece realmente al cúmulo y se piensa que fue eyectada de su estrella progenitora, una estrella azulada, hace solo unos 4000 años. Su tipo espectral es F3. Fotográficamente se aprecia de color amarillento/dorado a la gran cantidad de gigantes rojas que posee. De su velocidad radial, -106,6 km/s, se deduce que se aproxima a la Tierra unos 383 760 km/h. Esta velocidad está originada por la combinación de su velocidad orbital alrededor del núcleo de la Vía Láctea, además de la velocidad propia del Sol y de la Tierra. M15 se encuentra a una distancia de 33 600 años luz de la Tierra.";"2023-02-23 23:44:03.000000";"album/images/m15.jpg"
16;16;"Nebulosa del Águila";"Nebulosa de emisión";"18h 18m 48s";"-13d 49m";"5,700";"La nebulosa del Águila es parte del objeto astronómico catalogado como M16, es decir el objeto 16 del catálogo de Messier. M16 está conformado por la nebulosa y un cúmulo estelar abierto asociado con ella, catalogado como NGC 6611, y cuyas estrellas se aprecian en las distintas imágenes de M16. Se encuentra en la constelación Serpens (la serpiente). En una parte de la nebulosa están los ""pilares de la creación"", que forman una de las imágenes más populares de las obtenidas por el telescopio espacial Hubble. La nebulosa brillante de emisión (región HII) que abarca toda la zona está catalogada como IC 4703. Todo el complejo se encuentra a 7000 años luz.

Su magnitud conjunta en banda B (filtro azul) es igual a la 6,58, su magnitud en banda V (filtro verde) es igual a la 6,0; telescópicamente aparece como un parche grisáceo que solo con telescopios medianos presenta una forma definida. Sin embargo, el cúmulo asociado puede verse incluso con binoculares, con la estrella más brillante (HD 168076) teniendo una magnitud aparente de 8,24 y siendo en realidad una estrella doble formada por una estrella de tipo espectral O3.5V acompañada por una compañera de espectro O7.5V.

De su velocidad radial, 18,00 km/s, se deduce que se aleja de la Tierra a más 64 800 km/h. Esta velocidad está originada por los movimientos orbitales del Sol y de M16 alrededor del núcleo de la Vía Láctea.

Se estima que el cúmulo contiene 460 estrellas, las más brillantes de tipo espectral O con una masa estimada en alrededor de 80 masas solares y una luminosidad del orden de un millón de veces la del Sol. Se ha calculado que su edad es de alrededor de 1-2 millones de años.

El famoso nombre que se le da a los pilares de esta nebulosa (""Los Pilares de la Creación"") es por el grandioso hecho de que en esta nube de gases nacen (cada tanto) estrellas jóvenes. En contra parte, fallecen también muchas estrellas, aunque sus restos luego se vuelven parte de nuevos y brillantes astros. Los investigadores también han denominado a ""Los Pilares de la Creación"" con el singular apelativo de: ""trompas de elefante"", debido al extraordinario aspecto que presentan al ser observados dentro de la ventana del rango visible del espectro electromagnético. Los pilares oscuros se pueden visualizar utilizando telescopios reflectores, cuyo espejo primario tenga como mínimo un diámetro de 12 pulgadas.

La nebulosa del Águila es parte de una nebulosa de emisión, o región H II, catalogada como IC 4703. Esta región de activa de creación de estrellas se ubica a unos 7000 años luz de distancia. La columna de gas de la última imagen mide 9,5 años luz de largo, aproximadamente 90 billones de kilómetros.1​

El grupo asociado a la nebulosa contiene aproximadamente 8100 estrellas, que están mayormente concentradas en la zona al noroeste de los pilares.";"2023-02-23 23:47:32.000000";"album/images/m16.jpg"
17;17;"Nebulosa Omega";"Nebulosa de emisión";"18h 20m 26s";"-16d 10m 36s";"5,500";"La nebulosa Omega (también conocida como la nebulosa del Cisne, la nebulosa del Calzador, la nebulosa de la Langosta, M17 y NGC 6618) es una región HII en la constelación de Sagitario. Fue descubierta por Philippe Loys de Chéseaux en 1745 y Charles Messier la catalogó en 1764.

La nebulosa Omega se encuentra a una distancia entre 5000 y 6000 años luz, y tiene un tamaño de unos 15 años luz de diámetro, estando asociada a una nube molecular de unos 40 años luz de diámetro y una masa de 30000 masas solares. La masa total de la nebulosa Omega se calcula en unas 800 masas solares y es una de las regiones HII más brillantes y masivas de nuestra galaxia; si no aparece más impresionante es por verse prácticamente ""de canto"".

Existe un cúmulo (NGC 6618) en la nebulosa, que contiene en su centro dos estrellas de tipo espectral O4V, y además dos estrellas de tipo O5V, y 100 estrellas de tipo espectral más temprano que el B9. Es la radiación de esas estrellas jóvenes y calientes —sobre todo la de las dos O4V— la que excita y hace brillar los gases de la nebulosa; estudios recientes muestran que este es uno de los cúmulos más jóvenes conocidos, con una edad que no llega ni al millón de años y que la nebulosa seguramente alberga entre 8000 y 10000 estrellas que han nacido en ella, 1/3 de ellas en el cúmulo NGC 6618.

Al sureste de la nebulosa pueden encontrarse también las estrellas hipergigantes HD 168607 y HD 168625.";"2023-02-23 23:49:09.000000";"album/images/m17.jpg"
18;18;"Cúmulo abierto M18";"Cúmulo abierto";"18h 19.9m";"-17d 08m";"4,900";"El Cúmulo abierto M18 (también conocido como Objeto Messier 18 o NGC 6613) es un cúmulo abierto de la constelación de Sagitario. Fue descubierto por Charles Messier en 1764, que lo incluyó en su catálogo. M18 está situado entre la Nebulosa Omega (M17) y la Pequeña Nube Estelar de Sagitario (M24). Se calcula su edad en unos 32 millones de años, por lo que es un cúmulo joven.";"2023-02-23 23:51:28.000000";"album/images/m18.jpg"
19;19;"Cúmulo globular M19";"Cúmulo globular, clase VIII";"17h 2.6m";"-26d 16m";"28,000";"Cúmulo globular M19 (También conocido como Messier 19 o NGC 6273) es un cúmulo globular ubicado en la constelación de Ophiuchus. Fue descubierto por Charles Messier en el año de 1764 e incorporado a su catálogo de objetos astronómicos el mismo año.

Su magnitud conjunta en banda B (filtro azul) es igual a la 8.45, su magnitud en banda V (filtro verde) es igual a la 7.47; su tipo espectral es F3: fotográficamente se aprecia de color amarillento debido a la gran cantidad de estrellas gigantes rojas (de color amarillento o dorado) que contiene.

De su velocidad radial, 129.4 km/s, se deduce que se aleja de la Tierra a más 465 840 km/h: esta velocidad está originada por la combinación de su velocidar orbital alrededor del núcleo de la Vía Láctea, además de la velocidad propia del Sol y de la Tierra.

M19 es el más ovalado de los cúmulos globulares. Se encuentra a una distancia de 28,000 años luz del Sistema Solar, y a 5,200 años luz del centro de la galaxia. Está localizado 9 grados sobre el Plano Galáctico y ligeramente al este del centro de la galaxia.

Visto desde la tierra tiene un diámetro aparente de diecisiete minutos de arco (17'), lo que corresponde con un diámetro de 140 años luz en su eje más grande, Utilizando un telescopio para aficionados aparecerá con un diámetro de 6' y hasta 13.5' en fotografía.";"2023-02-23 23:52:56.000000";"album/images/m19.jpg"
20;20;"Nebulosa Trífida";"Nebulosa de emisión";"18h 2.7m";"-22d 58.317m";"4,120";"La nebulosa Trífida​ (también conocida como Messier 20 y NGC 6514) es una región H II en la constelación de Sagitario. Fue catalogada por primera vez en 1764 por el astrónomo francés Charles Messier. El nombre ""Trífida"", fue acuñado por el astrónomo John Herschel, y significa ""dividido en tres lóbulos"", dado que su característica más sobresaliente es el aspecto de tres lóbulos brillantes, separados por oscuras líneas de polvo. La nebulosa Trífida, que es una nebulosa tanto de emisión como de reflexión, y de absorción al mismo tiempo, tiene un brillo aparente de +6.3 magnitudes. En el centro de la nebulosa Trífida se encuentra el cúmulo abierto Collinder 360 (C1759-230), cuya estrella más brillante es HD164492A, una estrella gigante azul de tipo espectral O. Mediante precisas mediciones de paralaje trigonométrico, el satélite Gaia determinó que la distancia promedio entre la Tierra y las estrellas del cúmulo es de 4120 años luz con un error relativo del 6%.

Messier 20 es una de las grandes nebulosas gaseosas que hay en la región de Sagitario; se encuentra a 1.3° de la nebulosa de la Laguna (M8). Al interior de la nebulosa se han descubierto numerosos objetos estelares jóvenes, discos protoplanetarios y objetos Herbig-Haro. De estos últimos se encuentra el notable HH399, ubicado en la cabeza de un pilar de polvo fotoevaporado por la radiación ionizante de la estrella HD 164492A. La presencia de estos objetos indica que la nebulosa continúa formando estrellas nuevas.

En las imágenes obtenidas con telescopios de aficionados o en fotografías convencionales de larga exposición (ver galería) de la nebulosa Trífida se pueden apreciar dos coloraciones diferenciadas: azuladas (por fuera) y rojizas (hacia el centro). Las primeras se deben a la luz de las estrellas cercanas reflejada por el polvo de la nebulosa. Estas estrellas son relativamente templadas y por lo tanto su capacidad de ionización es reducida. La coloración rojiza hacia el centro es causada por la emisión producida en el proceso de recombinación del hidrógeno en la región HII excitada por la presencia de la estrella de tipo O HD164492A.";"2023-02-23 23:54:25.000000";"album/images/m20.jpg"
21;21;"Cúmulo abierto M21";"Cúmulo abierto";"18h 4.6m";"-22d 30m";"4,250";"El Cúmulo abierto M21 (también conocido como Objeto Messier 21 o NGC 6531) es un cúmulo abierto en la constelación de Sagitario. Fue descubierto y catalogado por Charles Messier el 5 de junio de 1764. M21 es un cúmulo relativamente joven, con unos 4.6 millones de años de antigüedad y contiene 57 estrellas.";"2023-02-24 00:02:03.000000";"album/images/m21.jpg"
22;22;"Cúmulo globular M22";"Cúmulo globular, clase VII";"18h 36m 18s";"-23d 53m 58s";"10,400";"El cúmulo globular M22 (también conocido como Objeto Messier 22 o NGC 6656) es un cúmulo globular en la constelación de Sagittarius. Fue descubierto por Abraham Ihle en 1665 e incluido por Charles Messier en su catálogo en 1764.

M22 es uno de los cúmulos de estrellas más cercanos a la Tierra, con una distancia de aproximadamente 10,400 al. Se han encontrado en M22 hasta 32 estrellas variables cefeidas, así como una nebulosa planetaria, IRAS 18333-2357. Usando el radiotelescopio VLA se hallaron en su interior dos agujeros negros, aunque los astrónomos que realizaron el descubrimiento aseguran que podría contener hasta 100 de ellos.1​2​

Es el mejor cúmulo globular para observar en latitudes tropicales del hemisferio norte por su cercanía a la tierra y su declinación relativamente cercana al ecuador celeste.";"2023-02-24 00:03:01.000000";"album/images/m22.jpg"
23;23;"Cúmulo abierto M23";"Cúmulo abierto";"17h 57m";"-19d 1m";"2,420";"M23 (también conocido como NGC 6494) es un cúmulo abierto en la constelación de Sagitario cerca del límite con Ophiuchus, que puede apreciarse con prismáticos. Fue descubierto por Charles Messier el 20 de junio de 1764.

M23 está a una distancia de unos 2.150 años luz desde la Tierra y su radio es de alrededor de 15-20 años luz. Hay unos 150 miembros identificados en este cúmulo, siendo el más brillante de magnitud 9.2.";"2023-02-24 00:04:40.000000";"album/images/m23.jpg"
24;24;"Pequeña nube estelar de Sagitario";"Nube estelar";"18h 18m";"-18d 25m";"600";"La Pequeña Nube Estelar de Sagitario (también conocida como Delle Caustiche o M24) es una nube estelar en la constelación de Sagitario, aproximadamente a 600 años luz, que fue descubierta por Charles Messier en 1764. Fácilmente observable a simple vista como una pequeña mancha en la gran grieta de la Vía Láctea. Algunos la confunden con el cúmulo abierto NGC 6603, que está incrustado dentro de la nube estelar M24, está nube estelar no se debe confundir con la Gran Nube Estelar de Sagitario situada 10° al sur.​ Es similar a la nube estelar NGC 206 situada en la galaxia de Andrómeda.";"2023-02-24 00:07:36.000000";"album/images/m24.jpg"
25;25;"Cúmulo abierto M25";"Cúmulo abierto, tipo IV,3,r";"18h 31.6m";"-19d 15m";"2,000";"El Cúmulo abierto M25 (también conocido como Objeto Messier 25 o IC 4725) es un cúmulo abierto en la constelación de Sagitario. Fue descubierto por Philippe Loys de Chéseaux en 1745 e incluido en la lista de Charles Messier en 1764.

M25 está a una distancia aproximada de 2.000 años luz respecto la Tierra. La dimensión espacial de este cúmulo es de aproximadamente 19 años luz de un extremo a otro. Una estrella variable del tipo Delta Cefeida llamada U Sagittarii es miembro de este cúmulo.";"2023-02-24 00:29:18.000000";"album/images/m25.jpg"
26;26;"Cúmulo abierto M26";"Cúmulo abierto, tipo II,2,r";"18h 45.2m";"-09d 24m";"5,000";"El Cúmulo abierto M26 (también conocido como Objeto Messier 26 o NGC 6694) es un cúmulo abierto en la constelación Scutum. Fue descubierto por Charles Messier en 1764.

El M26 abarca unos 22 años luz de ancho y está a una distancia de 5.000 años luz de la Tierra. La estrella más brillante es de magnitud 11,9 y la edad de este cúmulo ha sido calculada en 89 millones de años. Una característica interesante del M26 es una región de baja densidad de estrellas cerca del núcleo, probablemente causada por una nube oscura de materia interestelar entre nosotros y el cúmulo.";"2023-02-24 00:31:23.000000";"album/images/m26.jpg"
27;27;"Nebulosa Dumbbell";"Nebulosa planetaria";"19h 59.6m";"+22d 43m";"1,250";"La nebulosa Dumbbell (también conocida como Objeto Messier 27, M27 o NGC 6853) es una nebulosa planetaria1​ en la constelación de Vulpecula, a una distancia de 1250 al.

Esta nebulosa fue la primera nebulosa planetaria descubierta y descrita por Charles Messier en 1764. Con una magnitud aparente de +7,4 y un diámetro de 8 minutos de arco, es fácil de observar con unos binoculares.

La nebulosa Dumbbell tiene una edad estimada de 3000 a 4000 años.
La nebulosa Dumbbell, a veces conocida en español como nebulosa de la Haltera, o de la Mancuerna (significado del término inglés dumbbell), o bien como nebulosa de la Manzana, constituye, igual que la célebre M57, un ejemplo de nebulosa planetaria: la envoltura expulsada por una estrella moribunda. Esta fase en la muerte de una estrella no dura demasiado tiempo, por lo cual no hay una gran cantidad de nebulosas en el firmamento. Pasados 50 000 años, simplemente se disipan en el espacio.

Se estima la distancia a la nebulosa de unos 1000 años luz, lo cual implicaría unas dimensiones de entre 2 y 3 años luz para este objeto: se trataría de una de las mayores nebulosas planetarias conocidas.";"2023-02-24 00:32:34.000000";"album/images/m27.jpg"
28;28;"Cúmulo globular M28";"Cúmulo globular, clase IV";"18h 24m 32.89s";"-24d 52m 11.4s";"18,300";"Messier 28 (también conocido como M28 o NGC 6626) es un cúmulo globular en la constelación de Sagitario. Fue descubierto por Charles Messier en 1764.

M28 está a una distancia de aproximadamente 18.000-19,000 años luz desde la Tierra. Se han observado 18 estrellas variables de tipo RR Lyrae en este cúmulo. En 1987, el M28 se convirtió en el segundo cúmulo globular donde un púlsar de milisegundo fue descubierto (el primero fue el Cúmulo globular M4).";"2023-02-24 00:34:25.000000";"album/images/m28.jpg"
29;29;"Cúmulo abierto M29";"Cúmulo abierto";"20h 24m";"+38d 120m";"4,000";"M29 es un cúmulo abierto en la constelación de Cygnus. Fue descubierta en 1764 por Charles Messier.

Su distancia no está del todo clara, variando de 4.000 a 7.000 años luz según el experto consultado. Esto es debidad a la gran cantidad de materia interestelar existente, que dificulta el cálculo de la distancia.

Dos de sus estrellas variables fueron investigadas en 2003 por astrónomos aficionados españoles desde el Observatorio Astronómico de Cáceres, ubicado en Cáceres, publicando sus curvas de luz en banda V.

En diciembre de 2008 este observatorio volvió a realizar un estudio del cúmulo, esta vez de diez estrellas distintas, en busca de variabilidad de las mismas tanto fotométrica como espectroscópicamente: los resultados están pendientes de publicar.";"2023-02-24 00:35:51.000000";"album/images/m29.jpg"
30;30;"Cúmulo globular M30";"Cúmulo globular";"21h 40m 22,03s";"-23d 10′ 44,6";"26,000";"Messier 30 (también conocido como M30 o NGC 7099) es un cúmulo globular en la constelación de Capricornus. Fue descubierto por Charles Messier en 1764. El Messier 30 está a una distancia de aproximadamente 26 000 años luz desde la Tierra.";"2023-02-24 00:36:56.000000";"album/images/m30.jpg"
31;31;"Galaxia Andrómeda";"Galaxia espiral SA(s)b";"0h 42m 44.3m";"+41d 16m 9s";"2.5 millones";"La galaxia de Andrómeda, también conocida como Galaxia Espiral M31, Messier 31 o NGC 224, es una galaxia espiral con un diámetro de 220.000 años luz (en lo que concierne a su halo galáctico) y de unos 150.000 años luz entre los extremos de sus brazos. Es el objeto visible a simple vista más lejano de la Tierra (aunque algunos afirman poder ver a simple vista la galaxia del Triángulo, que está un poco más lejos). Está a 2,5 millones de años luz​ en dirección a la constelación de Andrómeda. Es, junto con nuestra propia galaxia, la más grande y brillante de las galaxias del Grupo Local, que consiste en aproximadamente 30 pequeñas galaxias más tres grandes galaxias espirales: Andrómeda, la Vía Láctea y la galaxia del Triángulo.

La galaxia se aproxima hacia la Vía Láctea a una velocidad de unos 420.000 km/h,​ y algunos especulan que ambas colisionarán dentro de unos 5.860 millones de años, fusionándose en una galaxia mayor, en el evento conocido como Lactómeda.

Aunque en ocasiones pueden confundirse Andrómeda y la Enana del Can Major, por pensar que una de ellas es la más cercana a la Vía láctea, lo cierto es que Andrómeda es la galaxia espiral más cercana a la Vía Láctea, mientras que la Enana del Can Major es la galaxia más cercana a la nuestra. No obstante, la existencia de la cercana galaxia se ha disputado6​. En caso de no existir la Enana del Can Mayor, el título de la galaxia más cercana correspondería a la Enana Elíptica de Sagitario (véase Anexo:Galaxias más cercanas).";"2023-02-24 00:38:30.000000";"album/images/m31.jpg"
32;32;"Galaxia elíptica M32";"Galaxia elíptica cE2";"0h 42.7m";"+40d 52m";"2.56 millones";"La galaxia elíptica M32 (también conocida como Objeto Messier 32, Messier 32 o NGC 221) es una galaxia elíptica enana de la constelación de Andrómeda, una galaxia satélite de la galaxia de Andrómeda y un miembro del Grupo Local de galaxias (aunque un artículo reciente ha llegado a poner esto en tela de juicio y a postular que en realidad está tres veces más lejos, siendo una galaxia elíptica normal). Fue descubierta por el astrónomo Guillaume Le Gentil el 29 de octubre de 1749. Charles Messier la observó por primera vez en 1757 y la añadió a su catálogo en 1764.

Las estrellas externas de M32 son visiblemente arrastradas por la atracción de su galaxia vecina. El núcleo posee una masa de alrededor de 108 masas solares, para una densidad de 5000 estrellas/pc³ en órbita en torno a un objeto central extremadamente masivo (valores comparables con los del núcleo de la galaxia de Andrómeda). Tiene un radio de 4000 años luz y es uno de los escasos ejemplos de galaxia elíptica enana compacta, pensando algunos autores que es el núcleo de una antigua galaxia mucho mayor que fue despedazada por las fuerzas de marea de su vecina, perdiendo gran parte de sus estrellas, y produciéndose un brote estelar que dejó lo que vemos hoy.

También se ha sugerido, por otro lado, que no es una galaxia elíptica enana compacta sino una galaxia lenticular con un disco de muy bajo brillo de superficie y una región central muy luminosa.

M32 parece haber colisionado con su vecina Andrómeda hace más de 2.000 millones de años. La colisión produjo en la segunda los anillos de gas y polvo descentrados visibles en ella en el infrarrojo, y en la primera la pérdida de más de la mitad de sus estrellas.";"2023-02-24 00:41:16.000000";"album/images/m32.jpg"
33;33;"Galaxia del Triángulo";"Galaxia espiral SA(s)cd";"1h 33m 50.9s";"+30d 39m 37s";"2.8 millones";"La galaxia del Triángulo (también conocida como galaxia espiral M33, Objeto Messier 33, Messier 33, M33 o NGC 598) es una galaxia espiral localizada en la constelación del Triangulum. Con entre 30 000 y 40 000 millones de estrellas​ es pequeña en comparación con sus vecinas mayores, la Vía Láctea y la galaxia de Andrómeda que tienen, respectivamente, entre 200 000 y 400 000 millones y un billón de estrellas, pero su tamaño es parecido al del resto de galaxias espirales del universo.

M33 es un miembro del Grupo Local de galaxias —el tercero en brillo y tamaño— y parece estar vinculada gravitacionalmente con Andrómeda, la cual está a 750000 años luz de ella y a la que orbita en una órbita de alta excentricidad.​ LGS 3, uno de los miembros más pequeños del Grupo Local, posiblemente sea una galaxia satélite de ella.
Esta galaxia seguramente fue descubierta por el astrónomo italiano Giovanni Battista Hodierna antes de 1654, quien la agrupó junto con el cúmulo abierto que hoy conocemos como NGC 752. Charles Messier la descubrió independientemente en 1764, catalogándola como M33 el día 25 de agosto. La galaxia del Triángulo también fue catalogada por William Herschel el 11 de septiembre de 1784, asignándole el número H V.17. M33 se encuentra entre las primeras ""Nebulosas espirales"" identificadas por el astrónomo irlandés William Parsons el tercer ""conde de Rosse"".

Herschel designó la mayor región H II de esta galaxia (nebulosa de emisión difusa que contiene hidrógeno ionizado) como H III.150 separándola de ella y nombrándola NGC 604. Vista desde la Tierra, NGC 604 está localizada al noreste del centro galáctico, y es una de las regiones H II más grandes conocidas, con un diámetro de 1500 años luz y un espectro similar al de M42.

Aunque no puedan compararse con NGC 604, otras regiones HII de Triángulo son también tan grandes y brillantes que tienen su propio número NGC, cómo por ejemplo NGC 588, NGC 592, y NGC 595.5

Se dice que la Galaxia del Triángulo, es la única galaxia después de M31, que puede observarse a ojo desnudo bajo condiciones excepcionales, aunque también hay antiguas anotaciones que mencionan que la galaxia espiral M81, situada hacia las estrellas de la constelación septentrional de la Osa Mayor, también se puede observar a simple vista; pero para muchas personas M33 sigue siendo el objeto visible a simple vista más distante. Sin embargo, es muy grande y difusa y el mejor instrumento para observarla son unos binoculares, pudiendo incluso bajo condiciones muy buenas apreciarse con ellos sus brazos espirales, o un telescopio trabajando a muy bajos aumentos. Lo más importante e interesante que han destacado los expertos de M33 es que se trata de un auténtico hervidero de estrellas nacientes, en donde surgen soles a un ritmo muy superior al que nos tiene acostumbrados nuestra Vía Láctea, conteniendo además de NGC 604 algunas de las asociaciones estelares más ricas y brillantes del Grupo Local.


Representación en Celestia de la galaxia de Andrómeda vista desde Triángulo.

Representación en Celestia del aspecto de nuestra galaxia vista desde Triángulo.

Visión de la galaxia del Triángulo desde Andrómeda con un planeta orbitando de fondo.
M33 tiene un décimo de la masa de la Vía Láctea y mide unos 60000 años luz de largo, aproximadamente la mitad que nuestra galaxia.

Un reciente estudio llevado a cabo por el telescopio de infrarrojos Spitzer muestra que M33 es mayor de lo que puede apreciarse en el visible, llegando sus nubes de polvo más allá de lo que se aprecia en las fotografías. Se piensa que ello es debido a las explosiones de supernova y/o a los vientos solares de estrellas jóvenes

M33 está unida por una corriente de hidrógeno neutro y según estudios recientes también por diversas corrientes de estrellas a M31, además de tener la parte más externa de su disco de estrellas y gas distorsionadas, lo que indica un acercamiento pasado entre las dos,​ y su destino final puede ser o acabar chocando y fusionándose con la segunda (algo que se desconoce cuándo ocurrirá, pero quizás antes de la colisión entre M31 y nuestra galaxia y que refuerzan investigaciones recientes, que muestran que hubo un acercamiento entre ambas galaxias hace 2500 millones de años y que se producirá otro considerablemente más violento dentro de 2000 millones de años​) o acabar participando en la colisión entre la Vía Láctea y Andrómeda, bien colisionando con nuestra galaxia, bien orbitando la galaxia resultante de la colisión de las dos antes de acabar fusionándose también con esta, o incluso siendo expulsada del Grupo Local.

Como nota curiosa, desde esta galaxia se ve a Andrómeda (M31) prácticamente de frente, ofreciendo esta gracias a su relativa cercanía un aspecto impresionante; sin embargo, se vería muy cercana al plano galáctico, por lo cual el polvo la oscurecería y enrojecería, llegando incluso a hacerla invisible en el peor de los casos.

Nuestra galaxia se vería parecida a como se ve desde Andrómeda, aunque con un ángulo más abierto, un poco menor y menos brillante, y a buena altura sobre el plano galáctico.";"2023-02-24 00:42:53.000000";"album/images/m33.jpg"
34;34;"Cúmulo abierto M34";"Cúmulo abierto, tipo I,3,m";"2h 42.1s";"+42d 46m";"1,400";"Messier 34 (también conocido como M 34 o NGC 1039) es un cúmulo abierto en la constelación de Perseo. Fue descubierto por Giovanni Batista Hodierna antes de 1654 e incluido por Charles Messier en su catálogo de objetos en 1764.

El M34 está a una distancia de unos 1.400 años luz desde la Tierra y consiste de unas 100 estrellas. Abarca unos 35' en el cielo lo que equivale a radio verdadero de 7 años luz. El cúmulo es sólo visible a simple vista en condiciones muy oscuras, lejos de las luces de las ciudades. Se puede apreciar bien con prismáticos.";"2023-02-24 00:45:50.000000";"album/images/m34.jpg"
